Harry,Truman,htruman@aol.com,202 South St,Vancouver,WA,98660,792-223-9810,1946-1-24,M,NOW(),3.5,NULL
Shelly,Johnson,sjohnson@aol.com,9 Pond Rd,Sparks,NV,89431,792-223-6734,1970-12-12,F,NOW(),3.5,NULL
Bobby,Briggs,bbriggs@aol.com,14 12th St,San Diego,CA,92101,792-223-6178,1967-5-24,M,NOW(),3.5,NULL
Donna,Hayward,dhayward@aol.com,120 16th St,Davenport,IA,52801,792-223-2001,1970-3-24,F,NOW(),3.5,NULL
Audrey,Horne,ahorne@aol.com,342 19th St,Detroit,MI,48222,792-223-2001,1965-2-1,F,NOW(),3.5,NULL
James,Hurley,jhurley@aol.com,2578 Cliff St,Queens,NY,11427,792-223-1890,1967-1-2,M,NOW(),3.5,NULL
Lucy,Moran,lmoran@aol.com,178 Dover St,Hollywood,CA,90078,792-223-9678,1954-11-27,F,NOW(),3.5,NULL
Tommy,Hill,thill@aol.com,672 High Plains,Tucson,AZ,85701,792-223-1115,1951-12-21,M,NOW(),3.5,NULL
Andy,Brennan,abrennan@aol.com,281 4th St,Jacksonville,NC,28540,792-223-8902,1960-12-27,M,NOW(),3.5,NULL
